SET SQL_MODE = "NO_AUTO_VALUE_ON_ZERO";
CREATE DATABASE IF NOT EXISTS `cms_wu14tk` DEFAULT CHARACTER SET utf8 COLLATE utf8_general_ci;
USE `cms_wu14tk`;

DROP TABLE IF EXISTS `contact_info`;
CREATE TABLE IF NOT EXISTS `contact_info` (
  `date_create` timestamp NOT NULL DEFAULT CURRENT_TIMESTAMP,
  `Adress` varchar(500) NOT NULL,
  `phone` varchar(20) NOT NULL,
  `userid` int(11) NOT NULL,
  `code` varchar(10) DEFAULT NULL
) ENGINE=InnoDB DEFAULT CHARSET=utf8;

INSERT INTO `contact_info` (`date_create`, `Adress`, `phone`, `userid`, `code`) VALUES
('2015-02-19 11:03:21', 'Malmö, Kvarngatan 12', '07639287263', 1, NULL);

DROP TABLE IF EXISTS `menus`;
CREATE TABLE IF NOT EXISTS `menus` (
  `menu_name` varchar(255) NOT NULL,
  `machine_name` varchar(255) NOT NULL
) ENGINE=InnoDB DEFAULT CHARSET=utf8;

INSERT INTO `menus` (`menu_name`, `machine_name`) VALUES
('adminmenu', 'adminmenu'),
('Base_menu', 'Basemenu');

DROP TABLE IF EXISTS `menu_links`;
CREATE TABLE IF NOT EXISTS `menu_links` (
`mid` int(11) NOT NULL,
  `title` varchar(255) NOT NULL,
  `path` varchar(255) NOT NULL,
  `menu_mn` varchar(255) NOT NULL,
  `pid` int(11) DEFAULT NULL,
  `ord` int(11) DEFAULT NULL,
  `pageid` int(11) DEFAULT NULL
) ENGINE=InnoDB  DEFAULT CHARSET=utf8 AUTO_INCREMENT=27 ;

INSERT INTO `menu_links` (`mid`, `title`, `path`, `menu_mn`, `pid`, `ord`, `pageid`) VALUES
(2, 'Home', 'home.html', 'Basemenu', NULL, 1, 2),
(3, 'Tvål', 'tval.html', 'Basemenu', NULL, 2, 3),
(5, 'Ingredienser', 'ingredienter.html', 'Basemenu', NULL, 4, 7),
(8, 'Övrigt', 'ovrigt.html', 'Basemenu', 5, 3, 4),
(11, 'Badbomber', 'bomb.html', 'Basemenu', NULL, 3, 22),
(13, 'Oljor', 'oljor.html', 'Basemenu', 5, 1, 23),
(15, 'Oliv olja', 'oliv.html', 'Basemenu', 13, 1, 25),
(21, 'Kaffe', 'kaffe.html', 'Basemenu', 8, 0, 31),
(22, 'Eteriska oljor', 'etoljor.html', 'Basemenu', 5, 1, 32),
(23, 'Kryddnejlika', 'nejlika.html', 'Basemenu', 22, 1, 33),
(24, 'Historien', 'history.html', 'Basemenu', NULL, 5, 34),
(25, 'Lera', 'lera.html', 'Basemenu', 8, 0, 35),
(26, 'Ricinolja', 'ricin.html', 'Basemenu', 13, 2, 36);

DROP TABLE IF EXISTS `pages`;
CREATE TABLE IF NOT EXISTS `pages` (
`pageid` int(11) NOT NULL,
  `title` varchar(255) NOT NULL,
  `body` text NOT NULL,
  `user_id` int(11) NOT NULL,
  `created` timestamp NOT NULL DEFAULT CURRENT_TIMESTAMP
) ENGINE=InnoDB  DEFAULT CHARSET=utf8 AUTO_INCREMENT=37 ;

INSERT INTO `pages` (`pageid`, `title`, `body`, `user_id`, `created`) VALUES
(2, 'Home', '<h2>             Varför handgjord tvål?           </h2>           <img class="TPict" src="Img/Oresund.jpg" alt="" titel="">         <p>                       På 18-hundratalet var tvål kokt mestadels av naturliga oljor och fetter, med hjälp av miljövänlig teknik och naturliga ingredienser. Med utvecklingen av den kemiska industrin, har mänskligheten kunnat producera billiga syntetiska oljor och syror som används i tvål. Användningen av dyra naturliga oljor blev olönsam. Industriellt tillverkare tvålar tenderar att minska kostnaderna för produkten och göra större vinster och göra processen så snabb som möjligt.         </p>         <p>             Handgjord tvål gjorda av naturliga oljor, pigment och aromer gör stor skillnad och ger glädje  och  vacker frisk hud. Speciellt utvald sammansättning av oljor och ingredienser hjälper  problem med bekämpning mot akne, torr hud, dermatit osv. Aromaterapieffekter av eteriska oljor som ingår i några tvålar, skapar den perfekta harmonin och stämningen, och beroende på sammansättningen, så är de uppfriskande och lugnande, ger självförtroende och lindrar stress.             Efter att jag provade tvålar, gjort med mina egna händer, insåg jag att innan, med industriellt tillverkad tvål, att den berövade mig av en stor del av den effekt som riktig tvål kan ge.         </p>         <p>         I mina tvålar använder jag bara naturliga oljor och fetter, naturliga eteriska oljor, örter och tillskott.          Användningen av syntetiska dofter eller färgämnen gör jag endast om jag vill skapa en mer visuell produkt, en rolig idé eller form för olika årstider och högtider som förknippas med unika dofter eller symboler. Men med bibehållen funktion och samma grundtanke.        </p>        <p>          Jag är glad att jag kan erbjuda människor en hälsosam och naturlig produkt som är till nytta och nöje.             </p>', 1, '2015-01-15 11:10:46'),
(3, 'Tvål', '<table>            <tbody>              <tr>                <td>                 <h2>                   Lavendel tvål:                  </h2>                 <img class="TPict" src="Img/Lavendel_3.jpg" alt="" titel="">                  <p>                              Lavendel tvål innehåller kokosolja, vatten, majsolja, ister, olivolja,                    Risinolja, mandelolja,                    Natriumhydroxid, lavendel, sheasmörsolja, blå hushållsfärg. Tvål för normal till fet hy. Oljorna som ingår gör huden silkeslen och mjuk. Lavendel lugnar och slappnar av.                  </p>               </td>             </tr>         <tr>          <td>             <h2>Tvålbakelse:</h2>              <img class="TPict" src="Img/TvBakels.jpg" alt="" titel="">             <p>                 Tvålbakelse innehåller kokosolja, vatten, majsolja, ister, olivolja, ricinolja, Natriumhydroxid, Mandel olja, röd hushållsfärg. Det är en hård tvål för alla hudtyper. Utan doft. Rik av mandelolja som hjälper att göra huden mjuk.             </p>         </td>         <tr>          <td>            <h2>Öresund. Vegetabilisk tvål:</h2>             <img class="TPict" src="img/Oresund.jpg">             <p>             Tvålen innehåller kokosolja, vatten, palmolja, olivolja, avokadoolja, ricinolja, Natriumhydroxid, pumpkärneolja, gurkpure’, avokadopure’, svartlera, havssalt. Tvål som ger rikligt med skum och doftar friskt. Gör huden ren och mjuk.            </p>          </td>        </tr>        <tr>          <td>             <h2>Koffe skrub:</h2>             <img class="TPict" src="img/Kaffe_tv.jpg">             <p>                Tvålen innehåller kokosolja, vatten, palmolja, olivolja, ister, ricinolja, Natriumhydroxid, kaffe, apelsin eterisk olja.Den bästa tvålen för smutsig hud. Rik skum och kaffe tar bort även svår smuts.              </p>          </td>        </tr>        </tbody>        </table>', 1, '2015-01-29 14:47:56'),
(4, 'Övrigt', '<h2> Olika ovanliga ingredienser.</h2>        <article>       <img class="TPict" src="img/lera.jpg">                  <h4>Lera</h4>            <p> Lera i tvålen eller i andra kosmetiska produkter hjälper att undvika svettning och akne. Tillsammans med desinfektion tar det bort onödig vättska.            </p>          <h4>Havregryn</h4>            <p> För att hjälpa hud stödja yng och frisk utseende tollsats havregryn i tvål. Det hjälper till att göra huden mjuk och smidig. Fin skrub och mycket vitaminer gör verkligen mirakel med hud.            </p>          </article>          <article>          <img Class="TPict hoger" src="Img/honey.jpg">          <h4>Honung</h4>            <p>              Hjälper till att göra huden mjuk och smidig. Vid tillverkning av tvål för torr hud, används honung till receptet.            </p>          <h4> Mjölk.</h4>            <p>Mjölk och getmjölk, och mjölkpulver ger tvålen en underbar mjukgörande och lugnande egenskaper.            </p>          </article>', 1, '2015-01-29 14:50:26'),
(7, 'Ingredienser', '<h2>Ingredinser.</h2>        <img class="TPict" src="img/Ingredienser.jpg">         <p>           Val av oljor för hemgjord tvål är viktigt. Beroende av det, inte bara kosmetiska egenskaper, utan även fysiska; hur solid är en tvål, hur skummar den, vilken egenskap gör tvålen skummande?.         </p>         <h4>Olivolja</h4>         <p>         Av alla sorter av olivolja ger en trevlig, mild, återfuktande tvål.         Olivolja i antiken används ofta i kosmetika. I det gamla Rom, Egypten och antikens Grekland använde kvinnorna regelbundet masker med olivolja för att bevara och upprätthålla skönhet och ungdom. Särskilt uppskattat var de utmärkta egenskaperna hos olivolja gamla grekerna. De kallas även den "flytande guld." I städerna i antikens Grekland var olivolja en nödvändighet och en av de mest värdefulla råvaror.         Olivolja är perfekt för vegetabilisk formula. Dessutom innehåller olivolja en unik vitamin sammansättning: A, D, E. E-vitamin  hjälper kroppen att bättre absorbera andra fettlösliga vitaminer.         Används för torr, inflammerad hud. Att vidmakthålla och bevara fukten i huden, har dizenfitsiruyuschim och sårläkningseffekt. Perfekt för skötsel av hår och naglar. Och håller pormaskarna borta.         ​</p>         <h4>Ister</h4>         <p> Dess tillämpning ger en mycket solid och vit tvål. Skumtvål på en så låg, krämig, väl bevarade. Ister gör också tvålen fast och dryg, och är en vanlig indigriens i många fabriksproducerade tvålar, då det är förhållandevis billigt fett och ger en bra konsitstens.         Användbara egenskaper hos fett bidrar till friskare hud. Det är en naturlig kosmetisk produkt som effektivt levererar näringsämnen till huden. I den moderna världen är det ett bortglömt recept för hudvård. Det har används länge till att skydda ansiktet från kyla och vind. Resultatet blev utmärkt skydd och effektiv hud näring.         ​</p>         <h4>Kokosolja</h4>         <p>         Kokosfett ger tvålen nödvändig fasthet och trevlig vithet.         Kokosolja är re-genererande, mjukgörande, fuktgivande, och har lugnande egenskaper, lindrar irritation och lämnar huden smidig, mjuk ut rynkor, ger näring, återfuktar och återställer huden, hjälper till med läkning av sprickor, sår och brännskador.         ​</p>          <h4>Rapsolja.</h4>         <p> Den skyddar huden från ultraviolett strålning och ger näring.         </p>         <h4>Majsolja</h4>         <p>Majsolja är perfekt assistent vid torr och känslig hud. Det främjar en snabb cellförnyelsen, eliminerar peeling, har ”anti-aging” effekt, förbättrar hudens elasticitet. Majsolja används vid framställning av kosmetika för barn, eftersom det har läkande och anti-allergiska egenskaper.         Majsolja är idealisk för känslig hud. Eftersom det finns en stor mängd av vitamin A, D och E, ger näring det huden och ökar hållbarhetstiden tvål.       </p>         <h4>Avokadoolja</h4>         <p>         Avokadoolja är perfekt för normal till torr, samt för åldrande hud. Den absorberas enkelt och snabbt av huden utan att orsaka irritation, den kan lindra symptom på eksem och vid sårläkning. Avokado olja är bra att använda för tvål, schampo, lotion, masker, balsam eftersom det är en av de bästa lösningar för hår behandling. Är det bästa ämnet för huden runt ögonen (släta ut rynkor, återfuktar och skyddar den känsliga huden). Har antioxidant och regenererande egenskaper.         Återfuktar, föryngring och mjukgör huden, eliminerar sådana problem som torrhet, fjällning, slapphet och förlust av elasticitet. Lugnar huden, minskar inflammation och stimulerar förnyelse av dess skadade celler. Rekommenderas för torr hud. Absorberas väl. Rikt näringsämnen, speciellt vitamin E.        </p>       <h4>Aprikoskärnolja.</h4>          <p>          Sammansättningen av aprikoskärnolja innefattar vitaminerna A, B och C, kalium, magnesium, enkel-och fleromättade fettsyror, vilket gör oljan har mjukgörande och fuktgivande, regenererande egenskaper. Aprikoskärnolja används för alla hudtyper. Speciellt effektiv i kosmetika för trött, slapp hud, eftersom det hjälper till att jämna ut hyn, förbättra elasticitet och hudton. Aprikoskärnolja är bra för bleknad, torr, irriterad och känslig hud, vilket gör det smidigt, vackert och friskt. Aprikoskärneolja används även för hudvård av barn, mjukgörande olja mot blöjutslag och eksem.         </p>       <h4>Mandelolja.</h4>          <p>         Hjälper till att göra en skummande tvål. Mjukar upp huden och den absorberas lätt. Och den är lämplig för skonsam behandling av irritation, värmeutslag och är även lämplig på små barn. Mandeloljaär rik på vitaminer, upprätthåller pH-balansen i huden. Vilket gör den perfekt för torr, hård, livlös hud. Denna olja är idealisk för behandling på grov, sprucken och inflammerad hud, speciellt händer.         </p>       <h4>Druvkärneolja.</h4>          <p> Den har förmågan att reglera  utsöndringar och är en av de få oljor som är lämpliga för fet och blandhy. Det stramar, men täpper inte till porerna! Främjar en snabb återhämtning av huden. Rekommenderas för alla hudtyper, speciellt för mycket fet hud.        </p>       <h4>Sheasmör.</h4>          <p>Användningen av sheasmör för ansiktet hjälper till med hudproblem såsom torrhet, fjällning, strävhet, för tidigt åldrande-, trött- och grå hy, och mycket annat. Detta är också en bra olja som skyddar huden från skadliga UV-strålar, och andra lika aggressiv miljöpåverkan.         </p>       <h4>Honung.</h4>          <p>         Honung   Hjälper till att göra huden mjuk och smidig. Vid tillverkning av tvål för torr hud, används honung till receptet.        </p>       <h4>Mjölk.</h4>          <p> Mjölk och getmjölk, och mjölkpulver ger tvålen en underbar mjukgörande och lugnande egenskaper.        </p>              <h4>Linfroolja.</h4>         <p> Linfröolja innehåller många omättade fettsyror. Vår hud inte kan syntetisera dessa syror själv, utan får detta utifrån.            Brist på fettsyror kan även leda till eksem, dermatit, psoriasis och andra hudsjukdomar.           Linfröolja snabbt befria en från torr hud,  förbättra elasticiteten och få fasthet i huden. Det kan även släta ytliga rynkor.         </p>       <h4>Eukalyptus eterisk olja.</h4>          <p> Eukalyptus eterisk olja uppvisar distinkta fitontsidnymi egenskaper. Allmänt använd vid smärtlindrande, den är antiseptisk, anti-parasitiskk .Doft av eukalyptus ger snabb återhämtning från stress, och ger en välbefinnande doft.       </p>', 1, '2015-02-07 16:33:27'),
(22, 'Badbomber', ' <h2>Badbomb.</h2>       <img class="TPict" src="img/Badbomb_ringblomm.jpg">        <p>          En badbomb är en boll som löser upp sig när den kommer i kontakt med vatten, på samma sätt som en brustablett. Vanligtvis är den parfymerad och den släpper ifrån sig doften samtidigt som den löses upp.       </p>      ​<p>        Badbomber innehåller någon form av karbonat, ex. natriumbikarbonat och någon form av syra, ex. citronsyra. När natriumkarbonat och en syra kommer i kontakt med vatten reagerar karbonatjonerna med syrans oxoniumjoner vilket leder till att koldioxid och vatten bildas. Det som bubblar upp i vattnet är alltså koldioxid.        Bindmedlet i badbomber är någon form av olja, vanligen med doft.      </p>', 1, '2015-02-18 11:58:07'),
(23, 'Oljor', '<h2>Oljor i tvål.</h2>       <img class="TPict" src="img/olivolja.jpg">         <p>          Val av oljor för hemgjord tvål är viktigt. Beroende av det, inte bara kosmetiska egenskaper, utan även fysiska; hur solid är en tvål, hur skummar den, vilken egenskap gör tvålen skummande?.        </p>        <h4>Olivolja</h4>        <p>           Av alla sorter av olivolja ger en trevlig, mild, återfuktande tvål.           Olivolja i antiken används ofta i kosmetika. I det gamla Rom, Egypten och antikens Grekland använde kvinnorna regelbundet masker med olivolja för att bevara och upprätthålla skönhet och ungdom. Särskilt uppskattat var de utmärkta egenskaperna hos olivolja gamla grekerna. De kallas även den "flytande guld." I städerna i antikens Grekland var olivolja en nödvändighet och en av de mest värdefulla råvaror.           Olivolja är perfekt för vegetabilisk formula. Dessutom innehåller olivolja en unik vitamin sammansättning: A, D, E. E-vitamin  hjälper kroppen att bättre absorbera andra fettlösliga vitaminer.           Används för torr, inflammerad hud. Att vidmakthålla och bevara fukten i huden, har dizenfitsiruyuschim och sårläkningseffekt. Perfekt för skötsel av hår och naglar. Och håller pormaskarna borta.        ​</p>        <h4>Ister</h4>          <p> Dess tillämpning ger en mycket solid och vit tvål. Skumtvål på en så låg, krämig, väl bevarade. Ister gör också tvålen fast och dryg, och är en vanlig indigriens i många fabriksproducerade tvålar, då det är förhållandevis billigt fett och ger en bra konsitstens.          Användbara egenskaper hos fett bidrar till friskare hud. Det är en naturlig kosmetisk produkt som effektivt levererar näringsämnen till huden. I den moderna världen är det ett bortglömt recept för hudvård. Det har används länge till att skydda ansiktet från kyla och vind. Resultatet blev utmärkt skydd och effektiv hud näring.        ​ </p>        <h4>Kokosolja</h4>        <p>           Kokosfett ger tvålen nödvändig fasthet och trevlig vithet.           Kokosolja är re-genererande, mjukgörande, fuktgivande, och har lugnande egenskaper, lindrar irritation och lämnar huden smidig, mjuk ut rynkor, ger näring, återfuktar och återställer huden, hjälper till med läkning av sprickor, sår och brännskador.        ​</p>        <h4>Rapsolja.</h4>        <p> Den skyddar huden från ultraviolett strålning och ger näring.        </p>        <h4>Majsolja</h4>          <p>Majsolja är perfekt assistent vid torr och känslig hud. Det främjar en snabb cellförnyelsen, eliminerar peeling, har ”anti- aging” effekt, förbättrar hudens elasticitet. Majsolja används vid framställning av kosmetika för barn, eftersom det har läkande och anti-allergiska egenskaper.           Majsolja är idealisk för känslig hud. Eftersom det finns en stor mängd av vitamin A, D och E, ger näring det huden och ökar hållbarhetstiden tvål.         </p>        <h4>Avokadoolja</h4>        <p>         Avokadoolja är perfekt för normal till torr, samt för åldrande hud. Den absorberas enkelt och snabbt av huden utan att orsaka irritation, den kan lindra symptom på eksem och vid sårläkning. Avokado olja är bra att använda för tvål, schampo, lotion, masker, balsam eftersom det är en av de bästa lösningar för hår behandling. Är det bästa ämnet för huden runt ögonen (släta ut rynkor, återfuktar och skyddar den känsliga huden). Har antioxidant och regenererande egenskaper.         Återfuktar, föryngring och mjukgör huden, eliminerar sådana problem som torrhet, fjällning, slapphet och förlust av elasticitet. Lugnar huden, minskar inflammation och stimulerar förnyelse av dess skadade celler. Rekommenderas för torr hud. Absorberas väl. Rikt näringsämnen, speciellt vitamin E.       </p>      <h4>Aprikoskärnolja.</h4>         <p>         Sammansättningen av aprikoskärnolja innefattar vitaminerna A, B och C, kalium, magnesium, enkel-och fleromättade fettsyror, vilket gör oljan har mjukgörande och fuktgivande, regenererande egenskaper. Aprikoskärnolja används för alla hudtyper. Speciellt effektiv i kosmetika för trött, slapp hud, eftersom det hjälper till att jämna ut hyn, förbättra elasticitet och hudton. Aprikoskärnolja är bra för bleknad, torr, irriterad och känslig hud, vilket gör det smidigt, vackert och friskt. Aprikoskärneolja används även för hudvård av barn, mjukgörande olja mot blöjutslag och eksem.        </p>        <img class="TPict" src="img/mandelolja.jpg">      <h4>Mandelolja.</h4>         <p>        Hjälper till att göra en skummande tvål. Mjukar upp huden och den absorberas lätt. Och den är lämplig för skonsam behandling av irritation, värmeutslag och är även lämplig på små barn. Mandeloljaär rik på vitaminer, upprätthåller pH-balansen i huden. Vilket gör den perfekt för torr, hård, livlös hud. Denna olja är idealisk för behandling på grov, sprucken och inflammerad hud, speciellt händer.        </p>      <h4>Druvkärneolja.</h4>           <p> Den har förmågan att reglera  utsöndringar och är en av de få oljor som är lämpliga för fet och blandhy. Det stramar, men täpper inte till porerna! Främjar en snabb återhämtning av huden. Rekommenderas för alla hudtyper, speciellt för mycket fet hud.       </p>      <h4>Sheasmör.</h4>           <p>Användningen av sheasmör för ansiktet hjälper till med hudproblem såsom torrhet, fjällning, strävhet, för tidigt åldrande-,trött- och grå hy, och mycket annat. Detta är också en bra olja som skyddar huden från skadliga UV-strålar, och andra lika aggressiv miljöpåverkan.        </p>      <h4>Linfroolja.</h4>        <p> Linfröolja innehåller många omättade fettsyror. Vår hud inte kan syntetisera dessa syror själv, utan får detta utifrån.           Brist på fettsyror kan även leda till eksem, dermatit, psoriasis och andra hudsjukdomar.          Linfröolja snabbt befria en från torr hud,  förbättra elasticiteten och få fasthet i huden. Det kan även släta ytliga rynkor.        </p>', 1, '2015-02-18 13:08:56'),
(25, 'Oliv olja', '<nav class="breadcrumbs">        <a href="home.html">Home</a>        <a href="ingredienter.html">Ingredienser</a>        <a href="oljor.html">Oljor</a>        <a href="Oliv.html">Olivolja</a>      </nav>        <h2>Olivolja.</h2>       <img class="TPict" src="img/olivolja2.jpg">        <p>          Olivolja i antiken används ofta i kosmetika. I det gamla Rom, Egypten och antikens Grekland använde kvinnorna regelbundet masker med olivolja för att bevara och upprätthålla skönhet och ungdom. Särskilt uppskattat var de utmärkta egenskaperna hos olivolja gamla grekerna. De kallas även den "flytande guld." I städerna i antikens Grekland var olivolja en nödvändighet och en av de mest värdefulla råvaror.Olivolja är perfekt för vegetabilisk formula. Dessutom innehåller olivolja en unik vitamin sammansättning: A, D, E. E-vitamin  hjälper kroppen att bättre absorbera andra fettlösliga vitaminer.Används för torr, inflammerad hud. Att vidmakthålla och bevara fukten i huden, har dizenfitsiruyuschim och sårläkningseffekt. Perfekt för skötsel av hår och naglar. Och håller pormaskarna borta.​<p>  Olivolja används för torr , inflammerad hud. Hjälper till att vidmakthålla och bevara fukten i huden , har dizenfitsiruyuschim och sårläkande effekt , läkning av sår , skadad vävnad, blåmärken , insektsbett. Det perfekta verktyget för vård av hår och naglar.</p>', 1, '2015-02-18 14:51:05'),
(31, 'Kaffe', '<p><strong>Kaffe.</strong></p><p>Malen kaffe eller &auml;ven kaffesump &auml;r naturlig och nyttig scrubb. Det absorberar obehaglig doft och smuts varvid det bevarar huden mjuk och sk&ouml;n. Den f&auml;rska kaffeb&ouml;nan inneh&aring;ller kolhydrater, proteiner, fetter, oljor och mineraler.&nbsp;</p><p>&nbsp;Fick en s&aring;n givande feedback idag av en, s&aring; jag fick en enorm stor lust att skriva ett nytt inl&auml;gg. Hon gillade saltpeelingen som jag skrivit om tidigare. S&aring; idag t&auml;nkte jag komma med ett annat tips p&aring; en scrub f&ouml;r kroppen. Som jag tidigare n&auml;mt &auml;r peeling bra f&ouml;r kroppen d&aring; man tar bort d&ouml;da hudceller s&aring; man f&aring;r en ny fr&auml;scha hud, &ouml;kar cellf&ouml;rnyelsen och f&aring;r en mjuk h&auml;rlig hud.</p><p>Kaffe &auml;r bra mot celluliter d&aring; det &ouml;kar blodcirkulationen samt verkar utrensande. S&aring; blanda ihop denna i en liten burk och ha den i kylen. Bara att scrubba p&aring; som bara den sen p&aring; baksida l&aring;r. Visste ni f&ouml;rresten att 95% av alla kvinnor har celluliter och bara 5 % av m&auml;nnen? Kvinnorna har fr&aring;n midjan och ner, medan m&auml;nnen har fr&aring;n midjan och upp. Or&auml;ttvis f&ouml;rdelning av fettet.</p>', 1, '2015-02-22 16:24:04'),
(32, 'Eteriska oljor', '<p><strong>Eteriska oljor.</strong></p><p>Eteriska oljor utvinns ur bladen , stj&auml;lkar , blommor, bark, r&ouml;tter, fr&ouml;n eller andra delar av en v&auml;xt . De &auml;r extremt koncentrerade extraktet av en v&auml;xt och anv&auml;nds sparsamt f&ouml;r en m&auml;ngd olika &auml;ndam&aring;l .</p><p><em>Eukalyptus eterisk olja.</em></p><p>Eukalyptus eterisk olja uppvisar distinkta fitontsidnymi egenskaper. Allm&auml;nt anv&auml;nd vid sm&auml;rtlindrande, den &auml;r antiseptisk, anti-parasitiskk .Doft av eukalyptus ger snabb &aring;terh&auml;mtning fr&aring;n stress, och ger en v&auml;lbefinnande doft.</p><p><em>Rosmarin</em>&nbsp;</p><p>&nbsp;Rosmarin har anv&auml;nts som r&ouml;kelsev&auml;xt i tusentals &aring;r - grekerna kallade den libanotis, av libanotos = r&ouml;kelse. Br&auml;nd &ouml;rt skyddade mot pest och onda andar, vilket f&ouml;rr ofta var samma sak. En rosmarinkvist under s&auml;ngen h&ouml;ll mard&ouml;mmar borta. En blandning av rosmarin och enb&auml;r var in p&aring; 1800-talet det fr&auml;msta r&ouml;kmedlet f&ouml;r att rena luften p&aring; svenska sjukhus. Idag &auml;r oljan vanlig i rumssprayer eftersom den maskerar andra dofter bra. Doften stimulerar centrala nervsystemet och verkar s&auml;rskilt p&aring; huvudet genom att sk&auml;rpa uppm&auml;rksamheten och st&auml;rka koncentrationen; man t&auml;nker klarare. Den stimulerande effekten har ocks&aring; gett foten rykte som afrodisiakum och den s&auml;gs ocks&aring; vara bra mot baksm&auml;lla. Inom ayurvedamedicinen i Indien anv&auml;ndes rosmarindoft runt 1000 f. Kr. f&ouml;r att behandla &aring;ngesttillst&aring;nd. Det fungerar fortfarande: n&aring;gra droppar p&aring; tinningarna eller handlederna minskar nervositet och &aring;ngest. Grekerna och ans&aring;g att rosmarin st&auml;rkte minnet och var bra f&ouml;r intellektet.</p>', 1, '2015-02-22 16:34:54'),
(33, 'Nejlika', '<p><strong>Eterisk olja Nejlika.&nbsp;</strong></p><p>&quot;Kryddnejlikolja&quot; ska ha anv&auml;nts i ayurveda-medicin i Indien runt &aring;r 1000 f. Kr. - knappast destillerad men kanske &ouml;rtolja eller urkokt (kryddan kokas och den eteriska oljan samlas upp fr&aring;n vattenytan med bomull eller liknande). I Europa destillerades oljan f&ouml;rsta g&aring;ngen 1544 av en tysk botaniker. Linn&eacute; hade med den i Pharmacopaea Holmiensis ca 1740. F&aring; oljor anv&auml;nds lika mycket inom parfymeriet, ber&auml;ttar Piesse (England 1857), f&ouml;r den g&aring;r bra ihop med b&aring;de fett, tv&aring;l och alkohol.</p><p>Oljan blev officinell i Sverige fr&aring;n f&ouml;rsta b&ouml;rjan (1775). Vid det laget var kryddkrigen avgjorda och priserna p&aring; blomknopparna inte l&auml;ngre astronomiska. Oljan stod kvar t.o.m. farmakop&eacute;ns sjunde uplaga 1869 och fr.o.m. d&aring; slapp apoteken ocks&aring; destillera den sj&auml;lva och fick lov att k&ouml;pa in den f&auml;rdig. Kvaliteten p&aring; f&auml;rdig kryddnejlikolja var generellt s&aring; d&aring;lig (p.g.a. utblandningar och b&ouml;sig r&aring;vara) att den till slut inte kunde rekommenderas som l&auml;kemedel; i upplagan d&auml;rp&aring; (1901) ersattes den med sin huvudingrediens eugenol.</p>', 1, '2015-02-22 16:41:06'),
(34, 'Historien om tvål', ' <h2>Historien om tvål.</h2>         <p> Under arkeologiska utgrävningar fann man tecken på anor från 2500 f.Kr., som innehöll en beskrivning av förfarandet, som liknar processen att göra tvål: aska blandas med vatten, och blandningen kokas, senare smältes fettet. Men denna lösning saknade ett namn, och det fanns inga bevis för dess användning.  Arkeologerna tror att det var produktion av tvål de fann efter utgrävningarna i Egypten, och att detta var gjort för ca 6000 år sedan. I vissa papyruspegament fann man recept som säger att för att få tvål animaliska och vegetabiliska fetter bör värmas med alkaliska salter och läsk, som finns i överflöd i Nildalen och på stränderna av sjöarna. I den antika världen använde man tre typer av tvål: hårda, mjuka eller flytande, som var tillverkad av get eller nötkreatur fett med tillsats av bokaska. Det var i antikens Rom, som tvåltillverkning blev ett utbrett tidsfördriv. Inte helt överraskande, fann arkeologerna  riktiga tvålfabriker med färdiga  tvålar under utgrävningen av Pompeji,  Tvål nämndes också av många romerska författare och vetenskapsmän. På 1: a århundradet nämnde Plinius den äldre, i sin avhandling "Natural History" i 37 volymer, sade att tvålen har blivit en integrerad del av livet av den romerska befolkningen. Han sade att de gamla gallerna som bebodde territorium i dagens Frankrike, och tyskarna hade länge känt till hur man beredner tvål. Av fett och aska av bok dessa vilda stammar gör fantastiska salva, rengöring och färgning hår.  </p> <p> Bara från 164 e.Kr. började romarna använda tvål i syfte att bli renare. Läkaren Galenos som bodde i Rompå den tiden, beskrev tvål och påpekade vad det borde innehålla: Fett och aska från kalkbruk. Han berättade också att det gör huden mjuk och renar kroppen från föroreningar. Plinius beskrev också en tvål, och flera sätt hur man tillverkar den genom förtvålning av fetter, och även skrev att romarna använde tvålar för tvätt, och mjukgjörning och- för kosmetiska ändamål. När Romarriket föll och mörkret kom till Europa, så glömde man hygienen och  tvålproduktionen började sjunka och även kunskapen försvann, men recepten var bevarade, och den kunde fortsätta att behärskas av de  små hantverksverkstäder som fanns.  Även i aristokratiska kretsar var hygienen oviktig med många sjukdomar som följd. Huvudfokus låg på den generösa användningen av parfym och puder i stället.  </p>  <img class="TPict" src="img/marselhist.jpg"> <p> Att göra sig ren blev på modet igen då de medeltida europeiska riddare reste till arabvärlden under korstågen. Det var gjort av vegetabiliska oljor (mestadels olivolja), eteriska oljor (vanligen timjan) och alkalier;  Tvålformeln hade inte  ändrats. Sedan början av det sjunde århundradet, var Basra och Kufa (Irak ) centrum för tvål. Och den tvål som vi känner och älskar idag är en ättling till denna gamla arabiska tvål. Arabiska tvålar var färgad och berikad med doft, och en del tvålar producerades i flytande form. Det fanns också speciella tvålar för rakning. Den Persiska kemisten Al-Razi skrev  också recept i den antika världen. Detta uråldriga recept upptäcktes på 13-talet som beskrev hur man skulle göra; använd sesamolja, blandat med alkali, vatten och limejuice, och koka över en eld. Spanien och Frankrike blev de första tvålproducenterna i väst. Under 12- 13-hundratalet började tvåltillverkningen blomstra i Västeuropa. Den Engelske kungen Henrik IV gav till och med ut en orden som gav ett speciellt privilegium att tillverka tvål 1399.  </p> <p> Älskare av lyx var Ludvig XIV som själv var intresserad av produktion av tvål,  Tvåltillverkning hade nu gradvis utvecklas till en industrisektor, som var skyddad av den franska kejsaren. Regeringen bestämde att man bara fick använda aromatiska oljor  från Provence. Hjärtat i produktionen av tvål blev snart Marseille,  där det fanns många primära källor för produktionen dvs olivolja och soda. Först sedan slutet av fjortonhundratalet förlorade Marseille  första position till fördel för den venetianska tvålen. Det var vid denna tid som tvåltillverkningen började att utvecklas i Italien, Grekland och Spanien. Under 1400-talet, i Savona i Italien, började kommersiell produktion av fast tvål. I det här fallet, inte fett i kombination med aska och naturlig soda. Detta minskade kraftigt kostnaden för tvål. Nu hade produktionen övergått från hantverk till ren produktion. Från fjortonhundratalet dök tvålfabriker upp i Tyskland. Tvål gjordes av nöt-, fläs-, lamm- och häst-fett samt ben, val, fiskolja, fett avfall från olika branscher </p> <img class="TPict" src="img/PearsSoap.jpg"> <p> Senare, på 16-talet i regionen Kastilien i Spanien börjar produktionen av Kastilientvål. Tillverkning av tvål sprids till alla länder, samtidigt minskar kostnaden och tekniken utvecklades. Tvålproduktion i industriell skala har gjorts möjlig genom kemisten Nicolas Leblanu (1742 - 1806) som upptäckte ett nytt sätt att få koncentrerade alkalier, som fram till nu togs fram genom en lång och  tröttsam process ur aska. Ny tillverkningsprocess markerade slutet på en era av traditionell tvål gör för hand. </p> <p> Tills den industriella revolutionen av tvåltillverknig genomfördes i liten skala och produkten var grov. Andrew Pears började göra en hög kvalitet, transparent tvål i 1789 i London. Hans svärson Thomas J. Barratt, öppnade en fabrik i Isleworth 1862. William Gossage producerade billiga, kvalitativa tvålart. Robert S. Hudson började tillverka en tvål pulver i 1837, inledningsvis genom slipning av tvålen med en mortel och stöt. William Hesketh Lever och hans bror James grundade ett tvåltillverkningsföretag i Warrington 1886  som fortfarande är ett av de största tvål företag, tidigare kallad Lever Brothers och som nu  idag kallas Unilever. Framtiden är ännu oskriven. </p>', 1, '2015-02-22 16:44:07'),
(35, 'Lera', '<p><strong>Kosmetisk lera.</strong></p><p>B&aring;de greker och romare favoriserade olika r&ouml;da leror. Romaren Plinius ber&auml;ttar t. ex. runt &aring;r 70 om lemnisk r&ouml;d ockra, som ans&aring;gs vara ett bra utv&auml;rtes medel p&aring; m&aring;nga typer av &ouml;gonbesv&auml;r och mot alla slags gifter inklusive ormbett. Dioskorides vid samma tid anf&ouml;r terra sigillata (tabletter av r&ouml;d lerjord och getblod, st&auml;mplade med en bild av Artemistemplet) som medel s&auml;rskilt mot f&ouml;rgiftning, och Galenos &aring;rhundradet d&auml;rp&aring; rekommenderar den lemniska leran mot pest. B&aring;da rekommendationerna stod sig i &ouml;ver ett och ett halv &aring;rtusende i b&aring;de den kristna och islamska v&auml;rlden. Rekommendationer fr&aring;n arabiska l&auml;kare var t. ex. att stryka armenisk lera p&aring; b&ouml;lderna, t&auml;cka hela kroppen med den eller dricka den i vatten. Sigilljord s&aring;ldes in p&aring; 1900-talet kvalitetsm&auml;rkt med sigill.</p><p>R&ouml;dlera har ocks&aring; anv&auml;nts f&ouml;r mer eller mindre magiska &auml;ndam&aring;l, t. ex. f&ouml;r att f&auml;rga d&ouml;das kroppar. Linn&eacute; hade med m&aring;nga sorters r&ouml;dlera i sin Pharmacopaea Holmiensis ca 1740 - f&ouml;rutom sigillera och vanlig r&ouml;d bolus ocks&aring; t. ex. lemnisk och turkisk lera. Det gamla namnet rubrica f&ouml;r r&ouml;d bolus, d.v.s. r&ouml;dkrita och liknande r&ouml;da f&auml;rgmaterial gav s&aring; sm&aring;ningom ordet rubrik, som i handskrifter textades i r&ouml;tt.</p><p>Leror suger upp och torkar ut, lindrar eksem och solsveda och s&auml;gs ocks&aring; stimulera blod- och lymfcirkulationen. S&auml;rskilt de r&ouml;da lerorna har haft h&ouml;gt anseende sedan antiken som uppsugande och torkande medel, t. ex. p&aring; br&auml;nnskador och blodfl&ouml;den - blodet &auml;r ju r&ouml;tt - och i europeisk farmaci r&auml;tt mycket i salvor.</p>', 2, '2015-02-22 17:28:31'),
(36, 'Risinolja', '  <h2>Ricinolja.</h2>        <img class="TPict" src="img/Ricinolja.jpg">         <p>          Ricinolja. Ökar mängden av skum och ger en krämig densitet. Ricinolja används mycket i kosmetiska produkter för att öka hudens elasticitet, reducerar de första tecknen på åldrande hud och lugnar huden, underlättar tvätt på sår, lindrar hudinflammation och acne. Ricinolja värderas högt för sina antibakteriella egenskaper.  </p>', 2, '2015-02-22 17:29:57');

DROP TABLE IF EXISTS `users`;
CREATE TABLE IF NOT EXISTS `users` (
`uid` int(11) NOT NULL,
  `fname` varchar(255) NOT NULL,
  `lname` varchar(255) NOT NULL,
  `email` varchar(255) NOT NULL,
  `pass` varchar(255) NOT NULL,
  `description` text,
  `joined` timestamp NOT NULL DEFAULT CURRENT_TIMESTAMP
) ENGINE=InnoDB  DEFAULT CHARSET=utf8 AUTO_INCREMENT=3 ;

INSERT INTO `users` (`uid`, `fname`, `lname`, `email`, `pass`, `description`, `joined`) VALUES
(1, 'Tanja', 'Kretiv', 'renanatura@live.se', '123454321', NULL, '2015-01-15 11:08:04'),
(2, 'Mat', 'Bjondy', 'mb@gmail.com', '12321', NULL, '2015-02-18 10:38:23');


ALTER TABLE `contact_info`
 ADD KEY `contkts_ibfk_1` (`userid`);

ALTER TABLE `menus`
 ADD PRIMARY KEY (`machine_name`);

ALTER TABLE `menu_links`
 ADD PRIMARY KEY (`mid`), ADD KEY `menu_mn` (`menu_mn`), ADD KEY `pid` (`pid`), ADD KEY `menu_links_ibfk_5` (`pageid`);

ALTER TABLE `pages`
 ADD PRIMARY KEY (`pageid`), ADD KEY `user_id` (`user_id`);

ALTER TABLE `users`
 ADD PRIMARY KEY (`uid`), ADD UNIQUE KEY `email` (`email`);


ALTER TABLE `menu_links`
MODIFY `mid` int(11) NOT NULL AUTO_INCREMENT,AUTO_INCREMENT=27;
ALTER TABLE `pages`
MODIFY `pageid` int(11) NOT NULL AUTO_INCREMENT,AUTO_INCREMENT=37;
ALTER TABLE `users`
MODIFY `uid` int(11) NOT NULL AUTO_INCREMENT,AUTO_INCREMENT=3;

ALTER TABLE `contact_info`
ADD CONSTRAINT `contkts_ibfk_1` FOREIGN KEY (`userid`) REFERENCES `users` (`uid`);

ALTER TABLE `menu_links`
ADD CONSTRAINT `menu_links_ibfk_1` FOREIGN KEY (`menu_mn`) REFERENCES `menus` (`machine_name`),
ADD CONSTRAINT `menu_links_ibfk_2` FOREIGN KEY (`pid`) REFERENCES `menu_links` (`mid`),
ADD CONSTRAINT `menu_links_ibfk_5` FOREIGN KEY (`pageid`) REFERENCES `pages` (`pageid`);

ALTER TABLE `pages`
ADD CONSTRAINT `pages_ibfk_1` FOREIGN KEY (`user_id`) REFERENCES `users` (`uid`);
